img_id,filename,width,height
0,image_000000001.jpg,1024,768
1,image_000000002.jpg,1024,576
2,image_000000003.jpg,1024,683
3,image_000000004.jpg,1024,675
4,image_000000005.jpg,1024,926
5,image_000000006.jpg,1024,683
6,image_000000007.jpg,1024,576
7,image_000000008.jpg,1024,768
8,image_000000009.jpg,1024,694
9,image_000000010.jpg,1024,683
10,image_000000011.jpg,1024,458
11,image_000000012.jpg,1024,416
12,image_000000013.jpg,1024,768
13,image_000000014.jpg,1024,576
14,image_000000015.jpg,1024,683
15,image_000000016.jpg,1024,704
16,image_000000017.jpg,1024,768
17,image_000000018.jpg,1024,768
18,image_000000019.jpg,1024,768
19,image_000000020.jpg,1024,768
20,image_000000021.jpg,694,1024
21,image_000000022.jpg,1024,768
22,image_000000023.jpg,1024,681
23,image_000000024.jpg,1024,584
24,image_000000025.jpg,1024,680
25,image_000000026.jpg,768,1024
26,image_000000027.jpg,1024,681
27,image_000000028.jpg,1024,769
28,image_000000029.jpg,1024,336
29,image_000000030.jpg,1024,681
30,image_000000031.jpg,1024,768
31,image_000000032.jpg,1024,768
32,image_000000033.jpg,1024,683
33,image_000000034.jpg,1024,682
34,image_000000035.jpg,1024,576
35,image_000000036.jpg,1024,685
36,image_000000037.jpg,1024,575
37,image_000000038.jpg,683,1024
38,image_000000039.jpg,1024,724
39,image_000000040.jpg,768,1024
40,image_000000041.jpg,1024,768
41,image_000000042.jpg,1024,711
42,image_000000043.jpg,1024,577
43,image_000000044.jpg,1024,687
44,image_000000045.jpg,816,1024
45,image_000000046.jpg,1024,768
46,image_000000047.jpg,1024,685
47,image_000000048.jpg,1024,683
48,image_000000049.jpg,1024,768
49,image_000000050.jpg,1024,1024
50,image_000000051.jpg,1024,768
51,image_000000052.jpg,1024,576
52,image_000000053.jpg,768,1024
53,image_000000054.jpg,1024,680
54,image_000000055.jpg,1024,576
55,image_000000056.jpg,1024,768
56,image_000000057.jpg,1024,768
57,image_000000058.jpg,1024,680
58,image_000000059.jpg,1024,675
59,image_000000060.jpg,1024,690
60,image_000000061.jpg,685,1024
61,image_000000062.jpg,1024,572
62,image_000000063.jpg,1024,599
63,image_000000064.jpg,1024,680
64,image_000000065.jpg,1024,683
65,image_000000066.jpg,1024,768
66,image_000000067.jpg,768,1024
67,image_000000068.jpg,1024,768
68,image_000000069.jpg,1024,768
69,image_000000070.jpg,1024,768
70,image_000000071.jpg,1024,768
71,image_000000072.jpg,1024,768
72,image_000000073.jpg,683,1024
73,image_000000074.jpg,1024,768
74,image_000000075.jpg,681,1024
75,image_000000076.jpg,768,1024
76,image_000000077.jpg,1024,683
77,image_000000078.jpg,1024,680
78,image_000000079.jpg,1024,768
79,image_000000080.jpg,1024,576
80,image_000000081.jpg,1024,1024
81,image_000000082.jpg,1024,709
82,image_000000083.jpg,1024,683
83,image_000000084.jpg,768,1024
84,image_000000085.jpg,726,1024
85,image_000000086.jpg,1024,681
86,image_000000087.jpg,629,1024
87,image_000000088.jpg,768,1024
88,image_000000089.jpg,683,1024
89,image_000000090.jpg,1024,1003
90,image_000000091.jpg,1024,577
91,image_000000092.jpg,683,1024
92,image_000000093.jpg,1024,765
93,image_000000094.jpg,1024,680
94,image_000000095.jpg,1024,459
95,image_000000096.jpg,1024,681
96,image_000000097.jpg,1024,595
97,image_000000098.jpg,1024,683
98,image_000000099.jpg,1024,683
99,image_000000100.jpg,1024,768
100,image_000000101.jpg,1024,683
101,image_000000102.jpg,1024,768
102,image_000000103.jpg,1024,683
103,image_000000104.jpg,1024,685
104,image_000000105.jpg,768,1024
105,image_000000106.jpg,1024,768
106,image_000000107.jpg,1024,683
107,image_000000108.jpg,1024,766
108,image_000000109.jpg,1024,683
109,image_000000110.jpg,768,1024
110,image_000000111.jpg,1024,682
111,image_000000112.jpg,1024,683
112,image_000000113.jpg,1024,683
113,image_000000114.jpg,1024,768
114,image_000000115.jpg,1024,768
115,image_000000116.jpg,1024,768
116,image_000000117.jpg,1024,1024
117,image_000000118.jpg,1024,680
118,image_000000119.jpg,1024,683
119,image_000000120.jpg,1024,681
120,image_000000121.jpg,1024,768
121,image_000000122.jpg,1024,683
122,image_000000123.jpg,1024,731
123,image_000000124.jpg,1024,683
124,image_000000125.jpg,666,1024
125,image_000000126.jpg,1024,681
126,image_000000127.jpg,1024,768
127,image_000000128.jpg,1024,683
128,image_000000129.jpg,1024,683
129,image_000000130.jpg,1024,683
130,image_000000131.jpg,1024,821
131,image_000000132.jpg,1024,768
132,image_000000133.jpg,1024,768
133,image_000000134.jpg,1024,768
134,image_000000135.jpg,1024,683
135,image_000000136.jpg,1024,685
136,image_000000137.jpg,1024,768
137,image_000000138.jpg,1024,876
138,image_000000139.jpg,1024,681
139,image_000000140.jpg,1024,1024
140,image_000000141.jpg,1024,768
141,image_000000142.jpg,1024,768
142,image_000000143.jpg,683,1024
143,image_000000144.jpg,1024,768
144,image_000000145.jpg,1024,768
145,image_000000146.jpg,1024,683
146,image_000000147.jpg,1024,680
147,image_000000148.jpg,1024,768
148,image_000000149.jpg,1024,678
149,image_000000150.jpg,1024,819
150,image_000000151.jpg,1024,680
151,image_000000152.jpg,1024,683
152,image_000000153.jpg,1024,768
153,image_000000154.jpg,1024,621
154,image_000000155.jpg,1024,640
155,image_000000156.jpg,1024,691
156,image_000000157.jpg,1024,715
157,image_000000158.jpg,683,1024
158,image_000000159.jpg,1024,768
159,image_000000160.jpg,1024,678
160,image_000000161.jpg,1024,683
161,image_000000162.jpg,1024,683
162,image_000000163.jpg,1024,765
163,image_000000164.jpg,1024,685
164,image_000000165.jpg,1024,685
165,image_000000166.jpg,1024,853
166,image_000000167.jpg,1024,683
167,image_000000168.jpg,1024,768
168,image_000000169.jpg,1024,664
169,image_000000170.jpg,1024,768
170,image_000000171.jpg,1024,1024
171,image_000000172.jpg,1024,458
172,image_000000173.jpg,768,1024
173,image_000000174.jpg,1024,768
174,image_000000175.jpg,1024,768
175,image_000000176.jpg,768,1024
176,image_000000177.jpg,1024,768
177,image_000000178.jpg,1024,752
178,image_000000179.jpg,1024,683
179,image_000000180.jpg,1024,765
180,image_000000181.jpg,1024,768
181,image_000000182.jpg,1024,576
182,image_000000183.jpg,1024,768
183,image_000000184.jpg,687,1024
184,image_000000185.jpg,1024,683
185,image_000000186.jpg,1024,683
186,image_000000187.jpg,1024,681
187,image_000000188.jpg,1024,623
188,image_000000189.jpg,683,1024
189,image_000000190.jpg,768,1024
190,image_000000191.jpg,1024,768
191,image_000000192.jpg,1024,574
192,image_000000193.jpg,1024,683
193,image_000000194.jpg,1024,686
194,image_000000195.jpg,1024,687
195,image_000000196.jpg,1024,1024
196,image_000000197.jpg,1024,683
197,image_000000198.jpg,1024,768
198,image_000000199.jpg,1024,768
199,image_000000200.jpg,1024,768
200,image_000000201.jpg,948,768
201,image_000000202.jpg,1024,683
202,image_000000203.jpg,1024,768
203,image_000000204.jpg,1024,1024
204,image_000000205.jpg,1024,692
205,image_000000206.jpg,768,1024
206,image_000000207.jpg,1024,683
207,image_000000208.jpg,1024,768
208,image_000000209.jpg,1024,613
209,image_000000210.jpg,1024,768
210,image_000000211.jpg,1024,768
211,image_000000212.jpg,1024,785
212,image_000000213.jpg,1024,679
213,image_000000214.jpg,772,1024
214,image_000000215.jpg,1024,768
215,image_000000216.jpg,1024,683
216,image_000000217.jpg,1024,918
217,image_000000218.jpg,1024,683
218,image_000000219.jpg,1024,625
219,image_000000220.jpg,1024,768
220,image_000000221.jpg,1024,638
221,image_000000222.jpg,680,1024
222,image_000000223.jpg,1024,768
223,image_000000224.jpg,1024,579
224,image_000000225.jpg,1024,655
225,image_000000226.jpg,1024,768
226,image_000000227.jpg,1024,683
227,image_000000228.jpg,1024,678
228,image_000000229.jpg,1024,768
229,image_000000230.jpg,683,1024
230,image_000000231.jpg,1024,640
231,image_000000232.jpg,1024,630
232,image_000000233.jpg,1024,681
233,image_000000234.jpg,1024,765
234,image_000000235.jpg,1024,768
235,image_000000236.jpg,1024,681
236,image_000000237.jpg,1024,768
237,image_000000238.jpg,1024,686
238,image_000000239.jpg,1024,768
239,image_000000240.jpg,1024,768
240,image_000000241.jpg,1024,768
241,image_000000242.jpg,1024,680
242,image_000000243.jpg,1024,682
243,image_000000244.jpg,1024,685
244,image_000000245.jpg,1024,739
245,image_000000246.jpg,1024,682
246,image_000000247.jpg,774,1024
247,image_000000248.jpg,1024,768
248,image_000000249.jpg,1024,819
249,image_000000250.jpg,1024,768
250,image_000000251.jpg,1024,768
251,image_000000252.jpg,1024,768
252,image_000000253.jpg,1024,683
253,image_000000254.jpg,1024,768
254,image_000000255.jpg,1024,768
255,image_000000256.jpg,1024,683
256,image_000000257.jpg,678,1024
257,image_000000258.jpg,1024,768
258,image_000000259.jpg,1024,687
259,image_000000260.jpg,1024,768
260,image_000000261.jpg,1024,683
261,image_000000262.jpg,742,1024
262,image_000000263.jpg,768,1024
263,image_000000264.jpg,1024,681
264,image_000000265.jpg,1024,768
265,image_000000266.jpg,1024,682
266,image_000000267.jpg,1024,768
267,image_000000268.jpg,1024,768
268,image_000000269.jpg,1024,683
269,image_000000270.jpg,1024,681
270,image_000000271.jpg,1024,685
271,image_000000272.jpg,1024,678
272,image_000000273.jpg,768,1024
273,image_000000274.jpg,1024,681
274,image_000000275.jpg,1024,685
275,image_000000276.jpg,683,1024
276,image_000000277.jpg,1024,768
277,image_000000278.jpg,1024,683
278,image_000000279.jpg,1024,683
279,image_000000280.jpg,1024,768
280,image_000000281.jpg,1024,716
281,image_000000282.jpg,1024,768
282,image_000000283.jpg,1024,683
283,image_000000284.jpg,1024,576
284,image_000000285.jpg,1024,680
285,image_000000286.jpg,1024,685
286,image_000000287.jpg,1024,768
287,image_000000288.jpg,1024,683
288,image_000000289.jpg,1024,768
289,image_000000290.jpg,1024,683
290,image_000000291.jpg,758,1024
291,image_000000292.jpg,1024,768
292,image_000000293.jpg,1024,768
293,image_000000294.jpg,1024,683
294,image_000000295.jpg,1024,695
295,image_000000296.jpg,1024,768
296,image_000000297.jpg,765,1024
297,image_000000298.jpg,1024,1024
298,image_000000299.jpg,1024,768
299,image_000000300.jpg,1024,683
300,image_000000301.jpg,1024,576
301,image_000000302.jpg,1024,603
302,image_000000303.jpg,1024,680
303,image_000000304.jpg,1024,576
304,image_000000305.jpg,1024,768
305,image_000000306.jpg,1024,682
306,image_000000307.jpg,1024,768
307,image_000000308.jpg,1024,683
308,image_000000309.jpg,1024,683
309,image_000000310.jpg,1024,768
310,image_000000311.jpg,1024,683
311,image_000000312.jpg,1024,768
312,image_000000313.jpg,683,1024
313,image_000000314.jpg,1024,683
314,image_000000315.jpg,1024,683
315,image_000000316.jpg,1024,768
316,image_000000317.jpg,1024,1024
317,image_000000318.jpg,1024,768
318,image_000000319.jpg,1024,678
319,image_000000320.jpg,683,1024
320,image_000000321.jpg,1024,768
321,image_000000322.jpg,1024,746
322,image_000000323.jpg,1024,683
323,image_000000324.jpg,1024,680
324,image_000000325.jpg,1024,717
325,image_000000326.jpg,1024,768
326,image_000000327.jpg,1024,579
327,image_000000328.jpg,1024,685
328,image_000000329.jpg,1024,388
329,image_000000330.jpg,1024,682
330,image_000000331.jpg,1024,569
331,image_000000332.jpg,1024,786
332,image_000000333.jpg,1024,683
333,image_000000334.jpg,1024,768
334,image_000000335.jpg,1024,766
335,image_000000336.jpg,1024,680
336,image_000000337.jpg,1024,768
337,image_000000338.jpg,1024,768
338,image_000000339.jpg,1024,652
339,image_000000340.jpg,1024,678
340,image_000000341.jpg,687,1024
341,image_000000342.jpg,1024,768
342,image_000000343.jpg,1024,751
343,image_000000344.jpg,1000,768
344,image_000000345.jpg,1024,683
345,image_000000346.jpg,1024,576
346,image_000000347.jpg,1024,683
347,image_000000348.jpg,1024,690
348,image_000000349.jpg,1024,681
349,image_000000350.jpg,1024,765
350,image_000000351.jpg,1024,658
351,image_000000352.jpg,1024,680
352,image_000000353.jpg,729,1024
353,image_000000354.jpg,1024,680
354,image_000000355.jpg,1024,683
355,image_000000356.jpg,683,1024
356,image_000000357.jpg,1024,768
357,image_000000358.jpg,1024,857
358,image_000000359.jpg,1024,685
359,image_000000360.jpg,1024,681
360,image_000000361.jpg,1024,768
361,image_000000362.jpg,1024,683
362,image_000000363.jpg,1024,768
363,image_000000364.jpg,1024,1024
364,image_000000365.jpg,634,1024
365,image_000000366.jpg,1024,655
366,image_000000367.jpg,996,1024
367,image_000000368.jpg,1024,767
368,image_000000369.jpg,1024,682
369,image_000000370.jpg,1024,768
370,image_000000371.jpg,1024,683
371,image_000000372.jpg,1024,683
372,image_000000373.jpg,683,1024
373,image_000000374.jpg,1024,768
374,image_000000375.jpg,1024,576
375,image_000000376.jpg,1024,685
376,image_000000377.jpg,1024,683
377,image_000000378.jpg,1024,682
378,image_000000379.jpg,685,1024
379,image_000000380.jpg,683,1024
380,image_000000381.jpg,1024,685
381,image_000000382.jpg,1024,1024
382,image_000000383.jpg,1024,683
383,image_000000384.jpg,1024,685
384,image_000000385.jpg,1024,768
385,image_000000386.jpg,788,1024
386,image_000000387.jpg,1024,1024
387,image_000000388.jpg,1024,683
388,image_000000389.jpg,1024,768
389,image_000000390.jpg,1024,620
390,image_000000391.jpg,1024,576
391,image_000000392.jpg,1024,683
392,image_000000393.jpg,1024,683
393,image_000000394.jpg,1024,576
394,image_000000395.jpg,1024,576
395,image_000000396.jpg,1024,719
396,image_000000397.jpg,1024,575
397,image_000000398.jpg,1024,683
398,image_000000399.jpg,1024,683
399,image_000000400.jpg,1024,903
400,image_000000401.jpg,1024,633
401,image_000000402.jpg,1024,858
402,image_000000403.jpg,1024,768
403,image_000000404.jpg,1024,768
404,image_000000405.jpg,1024,575
405,image_000000406.jpg,1024,683
406,image_000000407.jpg,768,1024
407,image_000000408.jpg,1024,634
408,image_000000409.jpg,1024,683
409,image_000000410.jpg,1024,768
410,image_000000411.jpg,689,1024
411,image_000000412.jpg,1024,768
412,image_000000413.jpg,1024,820
413,image_000000414.jpg,1024,1024
414,image_000000415.jpg,683,1024
415,image_000000416.jpg,1024,683
416,image_000000417.jpg,1024,683
417,image_000000418.jpg,1024,686
418,image_000000419.jpg,1024,768
419,image_000000420.jpg,1024,771
420,image_000000421.jpg,1024,768
421,image_000000422.jpg,1024,768
422,image_000000423.jpg,1024,683
423,image_000000424.jpg,1024,490
424,image_000000425.jpg,770,1024
425,image_000000426.jpg,1024,768
426,image_000000427.jpg,1024,1024
427,image_000000428.jpg,678,1024
428,image_000000429.jpg,1024,681
429,image_000000430.jpg,1024,421
430,image_000000431.jpg,1024,765
431,image_000000432.jpg,1024,768
432,image_000000433.jpg,1024,768
433,image_000000434.jpg,1024,768
434,image_000000435.jpg,1024,683
435,image_000000436.jpg,1024,687
436,image_000000437.jpg,1024,462
437,image_000000438.jpg,1024,1024
438,image_000000439.jpg,1024,681
439,image_000000440.jpg,1024,576
440,image_000000441.jpg,1024,683
441,image_000000442.jpg,1024,768
442,image_000000443.jpg,1024,810
443,image_000000444.jpg,1024,762
444,image_000000445.jpg,1024,683
445,image_000000446.jpg,1024,768
446,image_000000447.jpg,1024,680
447,image_000000448.jpg,759,1024
448,image_000000449.jpg,1024,683
449,image_000000450.jpg,1024,768
450,image_000000451.jpg,683,1024
451,image_000000452.jpg,1024,576
452,image_000000453.jpg,1024,768
453,image_000000454.jpg,1024,681
454,image_000000455.jpg,1024,576
455,image_000000456.jpg,1024,633
456,image_000000457.jpg,1024,768
457,image_000000458.jpg,1024,768
458,image_000000459.jpg,1024,683
459,image_000000460.jpg,1024,683
460,image_000000461.jpg,798,1024
461,image_000000462.jpg,1024,768
462,image_000000463.jpg,1024,768
463,image_000000464.jpg,1024,768
464,image_000000465.jpg,1024,680
465,image_000000466.jpg,1024,768
466,image_000000467.jpg,765,1024
467,image_000000468.jpg,1024,762
468,image_000000469.jpg,1024,682
469,image_000000470.jpg,1024,683
470,image_000000471.jpg,768,1024
471,image_000000472.jpg,768,1024
472,image_000000473.jpg,1024,681
473,image_000000474.jpg,1024,575
474,image_000000475.jpg,1024,755
475,image_000000476.jpg,1024,685
476,image_000000477.jpg,1024,683
477,image_000000478.jpg,1024,768
478,image_000000479.jpg,1024,681
479,image_000000480.jpg,1024,680
480,image_000000481.jpg,1024,684
481,image_000000482.jpg,1024,684
482,image_000000483.jpg,1024,768
483,image_000000484.jpg,1024,804
484,image_000000485.jpg,1024,681
485,image_000000486.jpg,1024,575
486,image_000000487.jpg,1024,685
487,image_000000488.jpg,1024,679
488,image_000000489.jpg,1024,768
489,image_000000490.jpg,1024,669
490,image_000000491.jpg,1024,768
491,image_000000492.jpg,1024,768
492,image_000000493.jpg,1024,763
493,image_000000494.jpg,1024,768
494,image_000000495.jpg,1024,768
495,image_000000496.jpg,1024,641
496,image_000000497.jpg,1024,791
497,image_000000498.jpg,768,1024
498,image_000000499.jpg,1024,683
499,image_000000500.jpg,1024,740
500,image_000000501.jpg,1024,768
501,image_000000502.jpg,1024,671
502,image_000000503.jpg,768,1024
503,image_000000504.jpg,1024,680
504,image_000000505.jpg,1024,683
505,image_000000506.jpg,1024,768
506,image_000000507.jpg,1024,633
507,image_000000508.jpg,1024,683
508,image_000000509.jpg,1024,708
509,image_000000510.jpg,1024,684
510,image_000000511.jpg,1024,680
511,image_000000512.jpg,1024,691
512,image_000000513.jpg,1024,768
513,image_000000514.jpg,1024,768
514,image_000000515.jpg,1024,681
515,image_000000516.jpg,1024,1024
516,image_000000517.jpg,1024,768
517,image_000000518.jpg,1024,576
518,image_000000519.jpg,1024,768
519,image_000000520.jpg,1024,680
520,image_000000521.jpg,1024,768
521,image_000000522.jpg,1024,814
522,image_000000523.jpg,1024,768
523,image_000000524.jpg,1024,680
524,image_000000525.jpg,1024,768
525,image_000000526.jpg,1024,768
526,image_000000527.jpg,1024,768
527,image_000000528.jpg,1024,611
528,image_000000529.jpg,1024,576
529,image_000000530.jpg,1024,685
530,image_000000531.jpg,1024,768
531,image_000000532.jpg,1024,498
532,image_000000533.jpg,1024,768
533,image_000000534.jpg,1024,768
534,image_000000535.jpg,1024,769
535,image_000000536.jpg,1024,640
536,image_000000537.jpg,1024,843
537,image_000000538.jpg,1024,683
538,image_000000539.jpg,1024,768
539,image_000000540.jpg,1024,768
540,image_000000541.jpg,1024,768
541,image_000000542.jpg,1024,768
542,image_000000543.jpg,753,1024
543,image_000000544.jpg,1024,683
544,image_000000545.jpg,1024,683
545,image_000000546.jpg,1024,768
546,image_000000547.jpg,1024,746
547,image_000000548.jpg,1024,685
548,image_000000549.jpg,1024,683
549,image_000000550.jpg,1024,678
550,image_000000551.jpg,1024,768
551,image_000000552.jpg,1024,682
552,image_000000553.jpg,1024,768
553,image_000000554.jpg,1024,685
554,image_000000555.jpg,1024,768
555,image_000000556.jpg,1024,768
556,image_000000557.jpg,1024,783
557,image_000000558.jpg,1024,749
558,image_000000559.jpg,1024,683
559,image_000000560.jpg,1024,683
560,image_000000561.jpg,1024,768
561,image_000000562.jpg,1024,680
562,image_000000563.jpg,1024,678
563,image_000000564.jpg,1024,681
564,image_000000565.jpg,1024,678
565,image_000000566.jpg,1024,626
566,image_000000567.jpg,1024,683
567,image_000000568.jpg,1024,768
568,image_000000569.jpg,1024,481
569,image_000000570.jpg,1024,580
570,image_000000571.jpg,1024,720
571,image_000000572.jpg,1024,1024
572,image_000000573.jpg,1024,768
573,image_000000574.jpg,870,1024
574,image_000000575.jpg,1024,768
575,image_000000576.jpg,768,1024
576,image_000000577.jpg,1024,768
577,image_000000578.jpg,1024,683
578,image_000000579.jpg,1024,768
579,image_000000580.jpg,1024,1024
580,image_000000581.jpg,1024,683
581,image_000000582.jpg,1024,768
582,image_000000583.jpg,1024,680
583,image_000000584.jpg,1024,680
584,image_000000585.jpg,1024,643
585,image_000000586.jpg,1024,688
586,image_000000587.jpg,1024,683
587,image_000000588.jpg,1024,768
588,image_000000589.jpg,1024,683
589,image_000000590.jpg,1024,768
590,image_000000591.jpg,1024,768
591,image_000000592.jpg,1024,766
592,image_000000593.jpg,1024,768
593,image_000000594.jpg,1024,683
594,image_000000595.jpg,1024,536
595,image_000000596.jpg,1024,683
596,image_000000597.jpg,1024,574
597,image_000000598.jpg,1024,768
598,image_000000599.jpg,1024,768
599,image_000000600.jpg,1024,683
600,image_000000601.jpg,1024,684
601,image_000000602.jpg,1024,682
602,image_000000603.jpg,1024,679
603,image_000000604.jpg,1024,768
604,image_000000605.jpg,1024,400
605,image_000000606.jpg,768,1024
606,image_000000607.jpg,1024,768
607,image_000000608.jpg,1024,576
608,image_000000609.jpg,1024,768
609,image_000000610.jpg,1024,692
610,image_000000611.jpg,1024,768
611,image_000000612.jpg,1024,768
612,image_000000613.jpg,1024,768
613,image_000000614.jpg,1024,768
614,image_000000615.jpg,1024,682
615,image_000000616.jpg,1024,559
616,image_000000617.jpg,1024,683
617,image_000000618.jpg,1024,683
618,image_000000619.jpg,768,1024
619,image_000000620.jpg,1024,768
620,image_000000621.jpg,1024,683
621,image_000000622.jpg,1024,638
622,image_000000623.jpg,1024,1024
623,image_000000624.jpg,1024,768
624,image_000000625.jpg,1024,768
625,image_000000626.jpg,768,804
626,image_000000627.jpg,1024,683
627,image_000000628.jpg,1024,685
628,image_000000629.jpg,1024,711
629,image_000000630.jpg,684,1024
630,image_000000631.jpg,1024,758
631,image_000000632.jpg,1024,683
632,image_000000633.jpg,1024,512
633,image_000000634.jpg,1024,826
634,image_000000635.jpg,1024,683
635,image_000000636.jpg,1024,768
636,image_000000637.jpg,1024,671
637,image_000000638.jpg,772,1024
638,image_000000639.jpg,1024,768
639,image_000000640.jpg,768,768
640,image_000000641.jpg,1024,683
641,image_000000642.jpg,1024,768
642,image_000000643.jpg,1024,691
643,image_000000644.jpg,1024,683
644,image_000000645.jpg,1024,682
645,image_000000646.jpg,1024,680
646,image_000000647.jpg,1024,682
647,image_000000648.jpg,1024,685
648,image_000000649.jpg,1024,768
649,image_000000650.jpg,1024,769
650,image_000000651.jpg,1024,768
651,image_000000652.jpg,1024,685
652,image_000000653.jpg,1024,683
653,image_000000654.jpg,768,992
654,image_000000655.jpg,1024,466
655,image_000000656.jpg,1024,683
656,image_000000657.jpg,1024,568
657,image_000000658.jpg,1024,768
658,image_000000659.jpg,1024,683
659,image_000000660.jpg,1024,683
660,image_000000661.jpg,960,768
661,image_000000662.jpg,1024,768
662,image_000000663.jpg,1024,768
663,image_000000664.jpg,1024,1024
664,image_000000665.jpg,1024,1024
665,image_000000666.jpg,1024,685
666,image_000000667.jpg,1024,576
667,image_000000668.jpg,1024,678
668,image_000000669.jpg,1024,768
669,image_000000670.jpg,1024,686
670,image_000000671.jpg,1024,683
671,image_000000672.jpg,1024,686
672,image_000000673.jpg,678,1024
673,image_000000674.jpg,1024,683
674,image_000000675.jpg,1024,683
675,image_000000676.jpg,1024,613
676,image_000000677.jpg,1024,768
677,image_000000678.jpg,1024,768
678,image_000000679.jpg,1024,768
679,image_000000680.jpg,1024,768
680,image_000000681.jpg,1024,660
681,image_000000682.jpg,1024,748
682,image_000000683.jpg,1024,594
683,image_000000684.jpg,683,1024
684,image_000000685.jpg,1024,682
685,image_000000686.jpg,1024,683
686,image_000000687.jpg,1024,768
687,image_000000688.jpg,1024,768
688,image_000000689.jpg,768,1024
689,image_000000690.jpg,1024,768
690,image_000000691.jpg,768,1024
691,image_000000692.jpg,1024,779
692,image_000000693.jpg,1024,682
693,image_000000694.jpg,1024,768
694,image_000000695.jpg,1024,768
695,image_000000696.jpg,1024,683
696,image_000000697.jpg,682,1024
697,image_000000698.jpg,1024,768
698,image_000000699.jpg,1024,681
699,image_000000700.jpg,1024,731
700,image_000000701.jpg,1024,825
701,image_000000702.jpg,1024,683
702,image_000000703.jpg,1024,614
703,image_000000704.jpg,768,1024
704,image_000000705.jpg,1024,650
705,image_000000706.jpg,1024,576
706,image_000000707.jpg,1024,683
707,image_000000708.jpg,1024,768
708,image_000000709.jpg,1024,683
709,image_000000710.jpg,1024,768
710,image_000000711.jpg,1024,768
711,image_000000712.jpg,1024,685
712,image_000000713.jpg,1024,768
713,image_000000714.jpg,1024,678
714,image_000000715.jpg,1024,768
715,image_000000716.jpg,768,1024
716,image_000000717.jpg,1024,683
717,image_000000718.jpg,700,1024
718,image_000000719.jpg,1024,768
719,image_000000720.jpg,1024,768
720,image_000000721.jpg,1024,681
721,image_000000722.jpg,576,1024
722,image_000000723.jpg,1024,768
723,image_000000724.jpg,722,1024
724,image_000000725.jpg,1024,795
725,image_000000726.jpg,1024,768
726,image_000000727.jpg,1024,1024
727,image_000000728.jpg,1024,768
728,image_000000729.jpg,1024,683
729,image_000000730.jpg,1024,682
730,image_000000731.jpg,1024,758
731,image_000000732.jpg,1024,576
732,image_000000733.jpg,1024,678
733,image_000000734.jpg,1024,321
734,image_000000735.jpg,1024,681
735,image_000000736.jpg,1024,576
736,image_000000737.jpg,1024,678
737,image_000000738.jpg,1024,768
738,image_000000739.jpg,1024,684
739,image_000000740.jpg,1024,784
740,image_000000741.jpg,1024,685
741,image_000000742.jpg,1024,768
742,image_000000743.jpg,1024,768
743,image_000000744.jpg,1024,681
744,image_000000745.jpg,1024,768
745,image_000000746.jpg,1024,768
746,image_000000747.jpg,1024,682
747,image_000000748.jpg,1024,768
748,image_000000749.jpg,1024,576
749,image_000000750.jpg,1024,697
750,image_000000751.jpg,1024,765
751,image_000000752.jpg,1024,768
752,image_000000753.jpg,1024,768
753,image_000000754.jpg,1024,768
754,image_000000755.jpg,765,1024
755,image_000000756.jpg,1024,683
756,image_000000757.jpg,1024,768
757,image_000000758.jpg,1024,651
758,image_000000759.jpg,1024,680
759,image_000000760.jpg,1024,678
760,image_000000761.jpg,768,1024
761,image_000000762.jpg,1024,768
762,image_000000763.jpg,1024,638
763,image_000000764.jpg,960,768
764,image_000000765.jpg,1024,683
765,image_000000766.jpg,1024,768
766,image_000000767.jpg,1024,680
767,image_000000768.jpg,1024,768
768,image_000000769.jpg,1024,768
769,image_000000770.jpg,1024,768
770,image_000000771.jpg,697,1024
771,image_000000772.jpg,1024,768
772,image_000000773.jpg,1024,576
773,image_000000774.jpg,1024,768
774,image_000000775.jpg,1024,768
775,image_000000776.jpg,768,1024
776,image_000000777.jpg,1024,763
777,image_000000778.jpg,1024,768
778,image_000000779.jpg,1024,683
779,image_000000780.jpg,1024,678
780,image_000000781.jpg,1024,685
781,image_000000782.jpg,1024,768
782,image_000000783.jpg,1024,768
783,image_000000784.jpg,873,1024
784,image_000000785.jpg,680,1024
785,image_000000786.jpg,1024,576
786,image_000000787.jpg,768,1024
787,image_000000788.jpg,1024,683
788,image_000000789.jpg,681,1024
789,image_000000790.jpg,1024,768
790,image_000000791.jpg,1024,680
791,image_000000792.jpg,1024,682
792,image_000000793.jpg,1024,694
793,image_000000794.jpg,1024,632
794,image_000000795.jpg,768,1024
795,image_000000796.jpg,1024,576
796,image_000000797.jpg,1024,823
797,image_000000798.jpg,1024,1024
798,image_000000799.jpg,1024,683
799,image_000000800.jpg,1024,710
800,image_000000801.jpg,1024,678
801,image_000000802.jpg,1024,683
802,image_000000803.jpg,1024,680
803,image_000000804.jpg,1024,768
804,image_000000805.jpg,1024,680
805,image_000000806.jpg,1024,768
806,image_000000807.jpg,1024,1024
807,image_000000808.jpg,1024,768
808,image_000000809.jpg,768,1024
809,image_000000810.jpg,1024,682
810,image_000000811.jpg,683,1024
811,image_000000812.jpg,1024,681
812,image_000000813.jpg,1024,680
813,image_000000814.jpg,1024,679
814,image_000000815.jpg,1024,768
815,image_000000816.jpg,1024,683
816,image_000000817.jpg,1024,703
817,image_000000818.jpg,1024,683
818,image_000000819.jpg,1024,1024
819,image_000000820.jpg,1024,667
820,image_000000821.jpg,1024,768
821,image_000000822.jpg,1024,768
822,image_000000823.jpg,1024,768
823,image_000000824.jpg,1024,680
824,image_000000825.jpg,1024,768
825,image_000000826.jpg,1024,768
826,image_000000827.jpg,1024,542
827,image_000000828.jpg,876,1024
828,image_000000829.jpg,768,1024
829,image_000000830.jpg,1024,683
830,image_000000831.jpg,1024,768
831,image_000000832.jpg,1024,686
832,image_000000833.jpg,1024,768
833,image_000000834.jpg,1024,768
834,image_000000835.jpg,1024,683
835,image_000000836.jpg,1024,642
836,image_000000837.jpg,1024,681
837,image_000000838.jpg,1024,683
838,image_000000839.jpg,1024,768
839,image_000000840.jpg,1024,768
840,image_000000841.jpg,1024,769
841,image_000000842.jpg,1024,683
842,image_000000843.jpg,1024,681
843,image_000000844.jpg,1024,683
844,image_000000845.jpg,1024,819
845,image_000000846.jpg,1024,684
846,image_000000847.jpg,768,1024
847,image_000000848.jpg,1024,617
848,image_000000849.jpg,758,1024
849,image_000000850.jpg,1024,768
850,image_000000851.jpg,1024,683
851,image_000000852.jpg,727,1024
852,image_000000853.jpg,1024,768
853,image_000000854.jpg,1024,685
854,image_000000855.jpg,700,1024
855,image_000000856.jpg,1024,768
856,image_000000857.jpg,1024,680
857,image_000000858.jpg,1024,681
858,image_000000859.jpg,1024,576
859,image_000000860.jpg,1024,768
860,image_000000861.jpg,730,1024
861,image_000000862.jpg,1024,678
862,image_000000863.jpg,1024,979
863,image_000000864.jpg,1024,296
864,image_000000865.jpg,1024,683
865,image_000000866.jpg,1024,768
866,image_000000867.jpg,1024,617
867,image_000000868.jpg,1024,681
868,image_000000869.jpg,1024,768
869,image_000000870.jpg,731,1024
870,image_000000871.jpg,1024,700
871,image_000000872.jpg,683,1024
872,image_000000873.jpg,1024,768
873,image_000000874.jpg,1024,768
874,image_000000875.jpg,1024,768
875,image_000000876.jpg,683,1024
876,image_000000877.jpg,1024,768
877,image_000000878.jpg,1024,621
878,image_000000879.jpg,1024,768
879,image_000000880.jpg,1024,768
880,image_000000881.jpg,1024,684
881,image_000000882.jpg,1024,713
882,image_000000883.jpg,1024,683
883,image_000000884.jpg,1024,683
884,image_000000885.jpg,1024,819
885,image_000000886.jpg,1024,768
886,image_000000887.jpg,1024,680
887,image_000000888.jpg,1024,768
888,image_000000889.jpg,683,1024
889,image_000000890.jpg,1024,768
890,image_000000891.jpg,1024,683
891,image_000000892.jpg,1024,683
892,image_000000893.jpg,1024,683
893,image_000000894.jpg,767,1024
894,image_000000895.jpg,1024,576
895,image_000000896.jpg,1024,1024
896,image_000000897.jpg,652,1024
897,image_000000898.jpg,1024,679
898,image_000000899.jpg,795,1024
899,image_000000900.jpg,685,1024
900,image_000000901.jpg,1024,681
901,image_000000902.jpg,1024,680
902,image_000000903.jpg,1024,681
903,image_000000904.jpg,680,1024
904,image_000000905.jpg,1024,683
905,image_000000906.jpg,1024,768
906,image_000000907.jpg,1024,768
907,image_000000908.jpg,1024,768
908,image_000000909.jpg,1024,683
909,image_000000910.jpg,1024,576
910,image_000000911.jpg,768,1024
911,image_000000912.jpg,1024,704
912,image_000000913.jpg,1024,683
913,image_000000914.jpg,1024,768
914,image_000000915.jpg,1024,614
915,image_000000916.jpg,1024,768
916,image_000000917.jpg,768,1024
917,image_000000918.jpg,1024,683
918,image_000000919.jpg,1024,794
919,image_000000920.jpg,1024,576
920,image_000000921.jpg,1024,685
921,image_000000922.jpg,1024,768
922,image_000000923.jpg,1024,848
923,image_000000924.jpg,1024,768
924,image_000000925.jpg,1024,799
925,image_000000926.jpg,770,1024
926,image_000000927.jpg,1024,601
927,image_000000928.jpg,1024,768
928,image_000000929.jpg,1024,1020
929,image_000000930.jpg,768,794
930,image_000000931.jpg,577,1024
931,image_000000932.jpg,1024,685
932,image_000000933.jpg,1024,643
933,image_000000934.jpg,1024,768
934,image_000000935.jpg,1024,681
935,image_000000936.jpg,768,1024
936,image_000000937.jpg,1024,768
937,image_000000938.jpg,1024,683
938,image_000000939.jpg,1024,828
939,image_000000940.jpg,575,1024
940,image_000000941.jpg,1024,685
941,image_000000942.jpg,1024,768
942,image_000000943.jpg,1024,685
943,image_000000944.jpg,1024,683
944,image_000000945.jpg,768,1024
945,image_000000946.jpg,768,1024
946,image_000000947.jpg,1024,688
947,image_000000948.jpg,1024,683
948,image_000000949.jpg,1024,683
949,image_000000950.jpg,768,1024
950,image_000000951.jpg,1024,687
951,image_000000952.jpg,768,1024
952,image_000000953.jpg,768,1024
953,image_000000954.jpg,1024,683
954,image_000000955.jpg,1024,768
955,image_000000956.jpg,1024,768
956,image_000000957.jpg,1024,768
957,image_000000958.jpg,1024,683
958,image_000000959.jpg,1024,552
959,image_000000960.jpg,1024,819
960,image_000000961.jpg,1024,683
961,image_000000962.jpg,1024,680
962,image_000000963.jpg,1024,768
963,image_000000964.jpg,1024,685
964,image_000000965.jpg,1024,768
965,image_000000966.jpg,1024,823
966,image_000000967.jpg,768,1024
967,image_000000968.jpg,1024,683
968,image_000000969.jpg,1024,683
969,image_000000970.jpg,1024,725
970,image_000000971.jpg,1024,576
971,image_000000972.jpg,1024,731
972,image_000000973.jpg,1024,768
973,image_000000974.jpg,1024,575
974,image_000000975.jpg,1024,683
975,image_000000976.jpg,1024,819
976,image_000000977.jpg,1024,683
977,image_000000978.jpg,1024,683
978,image_000000979.jpg,1024,682
979,image_000000980.jpg,1024,684
980,image_000000981.jpg,1024,768
981,image_000000982.jpg,1024,683
982,image_000000983.jpg,691,1024
983,image_000000984.jpg,1024,681
984,image_000000985.jpg,1024,768
985,image_000000986.jpg,1024,683
986,image_000000987.jpg,1024,768
987,image_000000988.jpg,1024,768
988,image_000000989.jpg,695,1024
989,image_000000990.jpg,1024,768
990,image_000000991.jpg,1024,768
991,image_000000992.jpg,1024,683
992,image_000000993.jpg,1024,716
993,image_000000994.jpg,768,1024
994,image_000000995.jpg,1024,683
995,image_000000996.jpg,1024,768
996,image_000000997.jpg,1024,768
997,image_000000998.jpg,1024,661
998,image_000000999.jpg,1024,769
999,image_000001000.jpg,1024,680
1000,image_000001001.jpg,1024,768
1001,image_000001002.jpg,1024,768
1002,image_000001003.jpg,1024,585
1003,image_000001004.jpg,768,1024
1004,image_000001005.jpg,707,1024
1005,image_000001006.jpg,1024,873
1006,image_000001007.jpg,1024,1024
1007,image_000001008.jpg,683,1024
1008,image_000001009.jpg,768,1024
1009,image_000001010.jpg,1024,768
1010,image_000001011.jpg,1024,681
1011,image_000001012.jpg,1024,683
1012,image_000001013.jpg,1024,683
1013,image_000001014.jpg,720,1024
1014,image_000001015.jpg,1024,683
1015,image_000001016.jpg,1024,502
1016,image_000001017.jpg,1024,685
1017,image_000001018.jpg,1024,684
1018,image_000001019.jpg,1024,680
1019,image_000001020.jpg,1024,768
1020,image_000001021.jpg,1024,680
1021,image_000001022.jpg,1024,681
1022,image_000001023.jpg,1024,681
1023,image_000001024.jpg,1024,576
1024,image_000001025.jpg,1024,576
1025,image_000001026.jpg,1024,515
1026,image_000001027.jpg,682,1024
1027,image_000001028.jpg,1024,683
1028,image_000001029.jpg,1024,768
1029,image_000001030.jpg,1024,679
1030,image_000001031.jpg,1024,768
1031,image_000001032.jpg,1024,683
1032,image_000001033.jpg,1024,576
1033,image_000001034.jpg,1024,683
1034,image_000001035.jpg,1024,683
1035,image_000001036.jpg,1024,768
1036,image_000001037.jpg,1024,681
1037,image_000001038.jpg,1024,709
1038,image_000001039.jpg,1024,682
1039,image_000001040.jpg,1024,683
1040,image_000001041.jpg,1024,768
1041,image_000001042.jpg,1024,683
1042,image_000001043.jpg,685,1024
1043,image_000001044.jpg,768,1024
1044,image_000001045.jpg,1024,616
1045,image_000001046.jpg,1024,635
1046,image_000001047.jpg,768,1024
1047,image_000001048.jpg,1024,678
1048,image_000001049.jpg,680,1024
1049,image_000001050.jpg,1024,683
1050,image_000001051.jpg,767,1024
1051,image_000001052.jpg,1024,768
1052,image_000001053.jpg,1024,576
1053,image_000001054.jpg,1024,768
1054,image_000001055.jpg,1024,768
1055,image_000001056.jpg,1024,768
1056,image_000001057.jpg,683,1024
1057,image_000001058.jpg,1024,683
1058,image_000001059.jpg,1024,768
1059,image_000001060.jpg,1024,681
1060,image_000001061.jpg,1024,723
1061,image_000001062.jpg,689,1024
1062,image_000001063.jpg,1024,768
1063,image_000001064.jpg,1024,681
1064,image_000001065.jpg,1024,768
1065,image_000001066.jpg,1024,680
1066,image_000001067.jpg,1024,768
1067,image_000001068.jpg,1024,682
1068,image_000001069.jpg,1024,768
1069,image_000001070.jpg,1024,768
1070,image_000001071.jpg,1024,768
1071,image_000001072.jpg,1024,683
1072,image_000001073.jpg,1024,767
1073,image_000001074.jpg,1024,635
1074,image_000001075.jpg,1024,768
1075,image_000001076.jpg,1024,768
1076,image_000001077.jpg,674,1024
1077,image_000001078.jpg,1014,1024
1078,image_000001079.jpg,1024,768
1079,image_000001080.jpg,1024,768
1080,image_000001081.jpg,1024,682
1081,image_000001082.jpg,1024,687
1082,image_000001083.jpg,1024,768
1083,image_000001084.jpg,1024,768
1084,image_000001085.jpg,1024,637
1085,image_000001086.jpg,1024,768
1086,image_000001087.jpg,680,1024
1087,image_000001088.jpg,1024,732
1088,image_000001089.jpg,1024,681
1089,image_000001090.jpg,1024,768
1090,image_000001091.jpg,1024,768
1091,image_000001092.jpg,1024,1024
1092,image_000001093.jpg,1024,685
1093,image_000001094.jpg,1024,768
1094,image_000001095.jpg,1024,576
1095,image_000001096.jpg,1024,683
1096,image_000001097.jpg,1024,680
1097,image_000001098.jpg,1024,768
1098,image_000001099.jpg,1024,690
1099,image_000001100.jpg,1024,687
1100,image_000001101.jpg,680,1024
1101,image_000001102.jpg,1024,768
1102,image_000001103.jpg,1024,683
1103,image_000001104.jpg,1024,683
1104,image_000001105.jpg,1024,768
1105,image_000001106.jpg,1024,681
1106,image_000001107.jpg,768,1024
1107,image_000001108.jpg,745,1024
1108,image_000001109.jpg,1024,768
1109,image_000001110.jpg,1024,683
1110,image_000001111.jpg,1024,768
1111,image_000001112.jpg,1024,838
1112,image_000001113.jpg,1024,713
1113,image_000001114.jpg,1024,682
1114,image_000001115.jpg,768,1024
1115,image_000001116.jpg,1024,768
1116,image_000001117.jpg,1024,720
1117,image_000001118.jpg,1024,685
1118,image_000001119.jpg,1024,768
1119,image_000001120.jpg,1024,683
1120,image_000001121.jpg,1024,768
1121,image_000001122.jpg,1024,768
1122,image_000001123.jpg,1024,764
1123,image_000001124.jpg,680,1024
1124,image_000001125.jpg,1024,768
1125,image_000001126.jpg,1024,685
1126,image_000001127.jpg,1024,768
1127,image_000001128.jpg,768,780
1128,image_000001129.jpg,768,1024
1129,image_000001130.jpg,1024,1024
1130,image_000001131.jpg,1024,768
1131,image_000001132.jpg,1024,768
1132,image_000001133.jpg,890,1024
1133,image_000001134.jpg,1024,768
1134,image_000001135.jpg,1024,685
1135,image_000001136.jpg,1024,768
1136,image_000001137.jpg,1024,1024
1137,image_000001138.jpg,1024,768
1138,image_000001139.jpg,1024,683
1139,image_000001140.jpg,1024,683
1140,image_000001141.jpg,1024,683
1141,image_000001142.jpg,1024,683
1142,image_000001143.jpg,724,1024
1143,image_000001144.jpg,1024,768
1144,image_000001145.jpg,1007,1024
1145,image_000001146.jpg,1024,682
1146,image_000001147.jpg,1024,542
1147,image_000001148.jpg,1024,680
1148,image_000001149.jpg,1024,682
1149,image_000001150.jpg,1024,680
1150,image_000001151.jpg,1024,768
1151,image_000001152.jpg,768,1024
1152,image_000001153.jpg,1024,576
1153,image_000001154.jpg,683,1024
1154,image_000001155.jpg,1024,768
1155,image_000001156.jpg,1024,768
1156,image_000001157.jpg,675,1024
1157,image_000001158.jpg,819,1024
1158,image_000001159.jpg,1024,768
1159,image_000001160.jpg,1024,683
1160,image_000001161.jpg,1024,682
1161,image_000001162.jpg,1024,682
1162,image_000001163.jpg,1024,768
1163,image_000001164.jpg,1024,683
1164,image_000001165.jpg,1024,768
1165,image_000001166.jpg,1024,768
1166,image_000001167.jpg,1024,683
1167,image_000001168.jpg,681,1024
1168,image_000001169.jpg,1024,768
1169,image_000001170.jpg,1024,768
1170,image_000001171.jpg,1024,683
1171,image_000001172.jpg,1024,768
1172,image_000001173.jpg,1024,680
1173,image_000001174.jpg,1024,680
1174,image_000001175.jpg,1024,813
1175,image_000001176.jpg,1024,575
1176,image_000001177.jpg,683,1024
1177,image_000001178.jpg,1024,768
1178,image_000001179.jpg,1024,685
1179,image_000001180.jpg,1024,768
1180,image_000001181.jpg,1024,685
1181,image_000001182.jpg,1024,768
1182,image_000001183.jpg,882,1024
1183,image_000001184.jpg,1024,683
1184,image_000001185.jpg,1024,681
1185,image_000001186.jpg,1024,682
1186,image_000001187.jpg,1024,588
1187,image_000001188.jpg,1024,683
1188,image_000001189.jpg,1024,715
1189,image_000001190.jpg,768,1024
1190,image_000001191.jpg,1024,706
1191,image_000001192.jpg,1024,768
1192,image_000001193.jpg,1024,960
1193,image_000001194.jpg,1024,728
1194,image_000001195.jpg,819,1024
1195,image_000001196.jpg,1024,768
1196,image_000001197.jpg,1024,683
1197,image_000001198.jpg,1024,672
1198,image_000001199.jpg,1024,1024
1199,image_000001200.jpg,1024,576
1200,image_000001201.jpg,768,1024
1201,image_000001202.jpg,1024,683
1202,image_000001203.jpg,1024,680
1203,image_000001204.jpg,1024,645
1204,image_000001205.jpg,1024,681
1205,image_000001206.jpg,1024,768
1206,image_000001207.jpg,1024,768
1207,image_000001208.jpg,835,1024
1208,image_000001209.jpg,1024,712
1209,image_000001210.jpg,1024,768
1210,image_000001211.jpg,1024,683
1211,image_000001212.jpg,1024,681
1212,image_000001213.jpg,738,1024
1213,image_000001214.jpg,1024,768
1214,image_000001215.jpg,1024,768
1215,image_000001216.jpg,1024,666
1216,image_000001217.jpg,680,1024
1217,image_000001218.jpg,1024,768
1218,image_000001219.jpg,1024,684
1219,image_000001220.jpg,1024,768
1220,image_000001221.jpg,1024,807
1221,image_000001222.jpg,1024,683
1222,image_000001223.jpg,724,1024
1223,image_000001224.jpg,1024,575
1224,image_000001225.jpg,1024,768
1225,image_000001226.jpg,1024,1024
1226,image_000001227.jpg,1024,1024
1227,image_000001228.jpg,1024,678
1228,image_000001229.jpg,1024,576
1229,image_000001230.jpg,1024,1024
1230,image_000001231.jpg,1024,683
1231,image_000001232.jpg,1024,683
1232,image_000001233.jpg,1024,684
1233,image_000001234.jpg,1024,795
1234,image_000001235.jpg,1024,681
1235,image_000001236.jpg,1024,768
1236,image_000001237.jpg,1024,682
1237,image_000001238.jpg,1024,683
1238,image_000001239.jpg,1024,823
1239,image_000001240.jpg,1024,683
1240,image_000001241.jpg,768,1024
1241,image_000001242.jpg,1024,282
1242,image_000001243.jpg,768,1024
1243,image_000001244.jpg,1024,706
1244,image_000001245.jpg,1024,576
1245,image_000001246.jpg,1024,682
1246,image_000001247.jpg,1024,683
1247,image_000001248.jpg,1024,681
1248,image_000001249.jpg,1024,683
1249,image_000001250.jpg,768,1024
1250,image_000001251.jpg,1024,768
1251,image_000001252.jpg,1024,768
1252,image_000001253.jpg,1024,678
1253,image_000001254.jpg,1024,658
1254,image_000001255.jpg,1024,681
1255,image_000001256.jpg,1024,765
1256,image_000001257.jpg,1024,1024
1257,image_000001258.jpg,1024,683
1258,image_000001259.jpg,688,1024
1259,image_000001260.jpg,1024,683
1260,image_000001261.jpg,1024,683
1261,image_000001262.jpg,1024,683
1262,image_000001263.jpg,1024,691
1263,image_000001264.jpg,1024,768
1264,image_000001265.jpg,1024,672
1265,image_000001266.jpg,1024,683
1266,image_000001267.jpg,1024,756
1267,image_000001268.jpg,1024,1024
1268,image_000001269.jpg,1024,683
1269,image_000001270.jpg,1024,683
1270,image_000001271.jpg,1024,1024
1271,image_000001272.jpg,1024,768
1272,image_000001273.jpg,1024,683
1273,image_000001274.jpg,1024,691
1274,image_000001275.jpg,1024,768
1275,image_000001276.jpg,683,1024
1276,image_000001277.jpg,1024,768
1277,image_000001278.jpg,1024,581
1278,image_000001279.jpg,1024,768
1279,image_000001280.jpg,1011,1024
1280,image_000001281.jpg,770,1024
1281,image_000001282.jpg,1024,680
1282,image_000001283.jpg,684,1024
1283,image_000001284.jpg,1024,640
1284,image_000001285.jpg,768,1024
1285,image_000001286.jpg,1024,768
1286,image_000001287.jpg,1024,683
1287,image_000001288.jpg,1024,688
1288,image_000001289.jpg,1024,683
1289,image_000001290.jpg,1024,682
1290,image_000001291.jpg,1024,680
1291,image_000001292.jpg,1024,768
1292,image_000001293.jpg,719,1024
1293,image_000001294.jpg,1024,683
1294,image_000001295.jpg,731,1024
1295,image_000001296.jpg,1024,681
1296,image_000001297.jpg,1024,681
1297,image_000001298.jpg,1024,687
1298,image_000001299.jpg,1024,768
1299,image_000001300.jpg,1024,640
1300,image_000001301.jpg,1024,683
1301,image_000001302.jpg,1024,768
1302,image_000001303.jpg,1024,768
1303,image_000001304.jpg,1024,683
1304,image_000001305.jpg,1024,682
1305,image_000001306.jpg,1024,680
1306,image_000001307.jpg,1024,768
1307,image_000001308.jpg,1024,731
1308,image_000001309.jpg,1024,640
1309,image_000001310.jpg,1024,768
1310,image_000001311.jpg,1024,768
1311,image_000001312.jpg,1024,576
1312,image_000001313.jpg,1024,683
1313,image_000001314.jpg,1024,768
1314,image_000001315.jpg,1024,768
1315,image_000001316.jpg,1024,683
1316,image_000001317.jpg,1024,682
1317,image_000001318.jpg,1024,768
1318,image_000001319.jpg,1024,768
1319,image_000001320.jpg,777,1024
1320,image_000001321.jpg,1024,768
1321,image_000001322.jpg,1024,768
1322,image_000001323.jpg,1024,768
1323,image_000001324.jpg,1024,768
1324,image_000001325.jpg,1024,687
1325,image_000001326.jpg,804,1024
1326,image_000001327.jpg,741,1024
1327,image_000001328.jpg,1024,768
1328,image_000001329.jpg,1024,683
1329,image_000001330.jpg,1024,709
1330,image_000001331.jpg,1024,758
1331,image_000001332.jpg,1024,812
1332,image_000001333.jpg,1024,749
1333,image_000001334.jpg,1004,1024
1334,image_000001335.jpg,1024,687
1335,image_000001336.jpg,974,1024
1336,image_000001337.jpg,1024,683
1337,image_000001338.jpg,1024,768
1338,image_000001339.jpg,1024,768
1339,image_000001340.jpg,768,1018
1340,image_000001341.jpg,1024,1024
1341,image_000001342.jpg,1024,742
1342,image_000001343.jpg,1024,1024
1343,image_000001344.jpg,1024,768
1344,image_000001345.jpg,1024,768
1345,image_000001346.jpg,1024,680
1346,image_000001347.jpg,1024,683
1347,image_000001348.jpg,672,1024
1348,image_000001349.jpg,1024,768
1349,image_000001350.jpg,1024,683
1350,image_000001351.jpg,1024,768
1351,image_000001352.jpg,1024,612
1352,image_000001353.jpg,1024,1007
1353,image_000001354.jpg,1024,684
1354,image_000001355.jpg,1024,683
1355,image_000001356.jpg,1024,765
1356,image_000001357.jpg,1024,768
1357,image_000001358.jpg,1024,576
1358,image_000001359.jpg,1024,576
1359,image_000001360.jpg,1024,768
1360,image_000001361.jpg,1024,768
1361,image_000001362.jpg,1024,768
1362,image_000001363.jpg,1024,1024
1363,image_000001364.jpg,1024,768
1364,image_000001365.jpg,768,1024
1365,image_000001366.jpg,1024,768
1366,image_000001367.jpg,1024,576
1367,image_000001368.jpg,1024,683
1368,image_000001369.jpg,1024,768
1369,image_000001370.jpg,1024,689
1370,image_000001371.jpg,1024,768
1371,image_000001372.jpg,1024,681
1372,image_000001373.jpg,1024,694
1373,image_000001374.jpg,1024,768
1374,image_000001375.jpg,1024,795
1375,image_000001376.jpg,1024,682
1376,image_000001377.jpg,1024,764
1377,image_000001378.jpg,1024,680
1378,image_000001379.jpg,1024,682
1379,image_000001380.jpg,683,1024
1380,image_000001381.jpg,1024,681
1381,image_000001382.jpg,1024,768
1382,image_000001383.jpg,1024,683
1383,image_000001384.jpg,686,1024
1384,image_000001385.jpg,1024,683
1385,image_000001386.jpg,1024,768
1386,image_000001387.jpg,1024,758
1387,image_000001388.jpg,1024,768
1388,image_000001389.jpg,1024,768
1389,image_000001390.jpg,1024,576
1390,image_000001391.jpg,1024,614
1391,image_000001392.jpg,1024,768
1392,image_000001393.jpg,1024,531
1393,image_000001394.jpg,1024,644
1394,image_000001395.jpg,1024,768
1395,image_000001396.jpg,1024,768
1396,image_000001397.jpg,1024,486
1397,image_000001398.jpg,1024,819
1398,image_000001399.jpg,1024,1024
1399,image_000001400.jpg,1024,683
1400,image_000001401.jpg,1024,768
1401,image_000001402.jpg,1024,768
1402,image_000001403.jpg,1024,768
1403,image_000001404.jpg,1024,768
1404,image_000001405.jpg,1024,576
1405,image_000001406.jpg,1024,768
1406,image_000001407.jpg,1024,683
1407,image_000001408.jpg,1024,768
1408,image_000001409.jpg,1024,683
1409,image_000001410.jpg,1024,684
1410,image_000001411.jpg,1024,682
1411,image_000001412.jpg,703,1024
1412,image_000001413.jpg,1024,1024
1413,image_000001414.jpg,1024,683
1414,image_000001415.jpg,1024,1024
1415,image_000001416.jpg,1024,768
1416,image_000001417.jpg,1024,768
1417,image_000001418.jpg,1024,769
1418,image_000001419.jpg,1024,685
1419,image_000001420.jpg,1024,685
1420,image_000001421.jpg,1024,672
1421,image_000001422.jpg,1024,768
1422,image_000001423.jpg,1024,768
1423,image_000001424.jpg,1024,685
1424,image_000001425.jpg,590,1024
1425,image_000001426.jpg,1024,768
1426,image_000001427.jpg,1024,768
1427,image_000001428.jpg,1024,768
1428,image_000001429.jpg,1024,681
1429,image_000001430.jpg,1024,680
1430,image_000001431.jpg,1024,586
1431,image_000001432.jpg,1024,679
1432,image_000001433.jpg,1024,576
1433,image_000001434.jpg,679,1024
1434,image_000001435.jpg,1024,768
1435,image_000001436.jpg,1024,683
1436,image_000001437.jpg,1024,681
1437,image_000001438.jpg,1024,678
1438,image_000001439.jpg,1024,768
1439,image_000001440.jpg,1024,768
1440,image_000001441.jpg,1024,819
1441,image_000001442.jpg,1024,711
1442,image_000001443.jpg,1024,680
1443,image_000001444.jpg,1024,685
1444,image_000001445.jpg,1024,768
1445,image_000001446.jpg,1024,683
1446,image_000001447.jpg,1024,680
1447,image_000001448.jpg,768,1024
1448,image_000001449.jpg,1024,768
1449,image_000001450.jpg,1024,768
1450,image_000001451.jpg,1024,768
1451,image_000001452.jpg,1024,768
1452,image_000001453.jpg,1024,683
1453,image_000001454.jpg,1024,768
1454,image_000001455.jpg,1024,768
1455,image_000001456.jpg,1024,766
1456,image_000001457.jpg,735,1024
1457,image_000001458.jpg,1024,995
1458,image_000001459.jpg,1024,680
1459,image_000001460.jpg,1024,768
1460,image_000001461.jpg,1024,681
1461,image_000001462.jpg,1024,683
1462,image_000001463.jpg,680,1024
1463,image_000001464.jpg,1024,683
1464,image_000001465.jpg,1024,768
1465,image_000001466.jpg,768,1024
1466,image_000001467.jpg,1024,683
1467,image_000001468.jpg,1024,685
1468,image_000001469.jpg,1024,768
1469,image_000001470.jpg,1024,1024
1470,image_000001471.jpg,1024,768
1471,image_000001472.jpg,1024,576
1472,image_000001473.jpg,1024,768
1473,image_000001474.jpg,1024,640
1474,image_000001475.jpg,1024,687
1475,image_000001476.jpg,1024,683
1476,image_000001477.jpg,1024,576
1477,image_000001478.jpg,1024,683
1478,image_000001479.jpg,1024,768
1479,image_000001480.jpg,1024,680
1480,image_000001481.jpg,1024,680
1481,image_000001482.jpg,1024,737
1482,image_000001483.jpg,1024,678
1483,image_000001484.jpg,768,1024
1484,image_000001485.jpg,1024,681
1485,image_000001486.jpg,1024,768
1486,image_000001487.jpg,1024,768
1487,image_000001488.jpg,1024,683
1488,image_000001489.jpg,768,1024
1489,image_000001490.jpg,1024,768
1490,image_000001491.jpg,1024,716
1491,image_000001492.jpg,768,1024
1492,image_000001493.jpg,1024,768
1493,image_000001494.jpg,768,1024
1494,image_000001495.jpg,1024,768
1495,image_000001496.jpg,1024,680
1496,image_000001497.jpg,1024,768
1497,image_000001498.jpg,1024,768
1498,image_000001499.jpg,1024,685
1499,image_000001500.jpg,1024,682
1500,image_000001501.jpg,1024,895
1501,image_000001502.jpg,1024,614
1502,image_000001503.jpg,1024,768
1503,image_000001504.jpg,1024,768
1504,image_000001505.jpg,1024,768
1505,image_000001506.jpg,1024,768
1506,image_000001507.jpg,1024,682
1507,image_000001508.jpg,1024,793
1508,image_000001509.jpg,1024,768
1509,image_000001510.jpg,1024,768
1510,image_000001511.jpg,1024,686
1511,image_000001512.jpg,768,1024
1512,image_000001513.jpg,1024,680
1513,image_000001514.jpg,1024,683
1514,image_000001515.jpg,1024,683
1515,image_000001516.jpg,1024,715
1516,image_000001517.jpg,1024,706
1517,image_000001518.jpg,1024,768
1518,image_000001519.jpg,768,1024
1519,image_000001520.jpg,1024,768
1520,image_000001521.jpg,1024,768
1521,image_000001522.jpg,1024,683
1522,image_000001523.jpg,1024,768
1523,image_000001524.jpg,1024,1024
1524,image_000001525.jpg,1024,682
1525,image_000001526.jpg,1024,1024
1526,image_000001527.jpg,1024,702
1527,image_000001528.jpg,1024,683
1528,image_000001529.jpg,1024,826
1529,image_000001530.jpg,1024,768
1530,image_000001531.jpg,1024,768
1531,image_000001532.jpg,1024,768
1532,image_000001533.jpg,1024,1024
1533,image_000001534.jpg,1024,768
1534,image_000001535.jpg,1024,682
1535,image_000001536.jpg,1024,768
1536,image_000001537.jpg,683,1024
1537,image_000001538.jpg,1024,768
1538,image_000001539.jpg,1024,683
1539,image_000001540.jpg,1024,717
1540,image_000001541.jpg,1024,681
1541,image_000001542.jpg,1024,683
1542,image_000001543.jpg,1024,687
1543,image_000001544.jpg,1024,576
1544,image_000001545.jpg,1024,683
1545,image_000001546.jpg,1024,768
1546,image_000001547.jpg,683,1024
1547,image_000001548.jpg,1024,768
1548,image_000001549.jpg,1024,768
1549,image_000001550.jpg,1024,683
1550,image_000001551.jpg,1024,681
1551,image_000001552.jpg,1024,685
1552,image_000001553.jpg,1024,768
1553,image_000001554.jpg,1024,768
1554,image_000001555.jpg,1024,774
1555,image_000001556.jpg,1024,684
1556,image_000001557.jpg,1024,768
1557,image_000001558.jpg,642,1024
1558,image_000001559.jpg,1024,530
1559,image_000001560.jpg,1024,677
1560,image_000001561.jpg,1024,768
1561,image_000001562.jpg,1024,683
1562,image_000001563.jpg,1024,683
1563,image_000001564.jpg,1024,683
1564,image_000001565.jpg,1024,613
1565,image_000001566.jpg,1024,805
1566,image_000001567.jpg,1024,677
1567,image_000001568.jpg,1024,686
1568,image_000001569.jpg,1024,768
1569,image_000001570.jpg,1024,768
1570,image_000001571.jpg,1024,683
1571,image_000001572.jpg,1024,683
1572,image_000001573.jpg,1024,768
1573,image_000001574.jpg,1024,682
1574,image_000001575.jpg,719,1024
1575,image_000001576.jpg,1024,768
1576,image_000001577.jpg,768,1024
1577,image_000001578.jpg,1024,768
1578,image_000001579.jpg,1024,685
1579,image_000001580.jpg,1024,768
1580,image_000001581.jpg,1024,768
1581,image_000001582.jpg,1024,683
1582,image_000001583.jpg,1024,680
1583,image_000001584.jpg,807,768
1584,image_000001585.jpg,768,1024
1585,image_000001586.jpg,1024,683
1586,image_000001587.jpg,1024,577
1587,image_000001588.jpg,1024,681
1588,image_000001589.jpg,1024,722
1589,image_000001590.jpg,1024,768
1590,image_000001591.jpg,1024,683
1591,image_000001592.jpg,1024,768
1592,image_000001593.jpg,1024,660
1593,image_000001594.jpg,1024,768
1594,image_000001595.jpg,1024,768
1595,image_000001596.jpg,1024,680
1596,image_000001597.jpg,768,1024
1597,image_000001598.jpg,1024,681
1598,image_000001599.jpg,1024,768
1599,image_000001600.jpg,1024,683
1600,image_000001601.jpg,1024,683
1601,image_000001602.jpg,1024,683
1602,image_000001603.jpg,1024,576
1603,image_000001604.jpg,1024,768
1604,image_000001605.jpg,768,788
1605,image_000001606.jpg,1024,682
1606,image_000001607.jpg,1024,768
1607,image_000001608.jpg,1024,662
1608,image_000001609.jpg,1024,443
1609,image_000001610.jpg,1024,768
1610,image_000001611.jpg,1024,689
1611,image_000001612.jpg,1024,761
1612,image_000001613.jpg,1024,768
1613,image_000001614.jpg,1024,683
1614,image_000001615.jpg,1024,768
1615,image_000001616.jpg,1024,768
1616,image_000001617.jpg,1024,768
1617,image_000001618.jpg,1024,683
1618,image_000001619.jpg,683,1024
1619,image_000001620.jpg,1024,683
1620,image_000001621.jpg,1024,768
1621,image_000001622.jpg,1024,768
1622,image_000001623.jpg,1024,768
1623,image_000001624.jpg,1024,683
1624,image_000001625.jpg,1024,678
1625,image_000001626.jpg,1024,680
1626,image_000001627.jpg,768,1024
1627,image_000001628.jpg,1024,685
1628,image_000001629.jpg,1024,768
1629,image_000001630.jpg,1024,638
1630,image_000001631.jpg,1024,681
1631,image_000001632.jpg,1024,768
1632,image_000001633.jpg,1024,681
1633,image_000001634.jpg,768,1024
1634,image_000001635.jpg,1024,768
1635,image_000001636.jpg,1024,681
1636,image_000001637.jpg,1024,714
1637,image_000001638.jpg,1024,768
1638,image_000001639.jpg,1024,768
1639,image_000001640.jpg,1024,768
1640,image_000001641.jpg,1024,768
1641,image_000001642.jpg,1024,768
1642,image_000001643.jpg,1024,1024
1643,image_000001644.jpg,1024,630
1644,image_000001645.jpg,1024,683
1645,image_000001646.jpg,729,1024
1646,image_000001647.jpg,1024,640
1647,image_000001648.jpg,1024,768
1648,image_000001649.jpg,1024,640
1649,image_000001650.jpg,1024,683
1650,image_000001651.jpg,1024,912
1651,image_000001652.jpg,1024,576
1652,image_000001653.jpg,683,1024
1653,image_000001654.jpg,1024,613
1654,image_000001655.jpg,1024,683
1655,image_000001656.jpg,960,768
1656,image_000001657.jpg,1024,576
1657,image_000001658.jpg,768,1024
1658,image_000001659.jpg,1024,768
1659,image_000001660.jpg,1024,576
1660,image_000001661.jpg,1024,768
1661,image_000001662.jpg,1024,681
1662,image_000001663.jpg,1024,683
1663,image_000001664.jpg,1024,680
1664,image_000001665.jpg,1024,726
1665,image_000001666.jpg,1024,682
1666,image_000001667.jpg,904,1024
1667,image_000001668.jpg,1024,312
1668,image_000001669.jpg,768,1024
1669,image_000001670.jpg,1024,683
1670,image_000001671.jpg,1024,768
1671,image_000001672.jpg,1024,754
1672,image_000001673.jpg,765,1024
1673,image_000001674.jpg,1024,644
1674,image_000001675.jpg,678,1024
1675,image_000001676.jpg,1024,1024
1676,image_000001677.jpg,1024,552
1677,image_000001678.jpg,1024,683
1678,image_000001679.jpg,768,1024
1679,image_000001680.jpg,1024,508
1680,image_000001681.jpg,1024,709
1681,image_000001682.jpg,1024,768
1682,image_000001683.jpg,1024,768
1683,image_000001684.jpg,1024,681
1684,image_000001685.jpg,1024,576
1685,image_000001686.jpg,1024,712
1686,image_000001687.jpg,1024,768
1687,image_000001688.jpg,1024,504
1688,image_000001689.jpg,1024,685
1689,image_000001690.jpg,1024,685
1690,image_000001691.jpg,768,1024
1691,image_000001692.jpg,1024,796
1692,image_000001693.jpg,577,1024
1693,image_000001694.jpg,814,1024
1694,image_000001695.jpg,1024,1024
1695,image_000001696.jpg,1024,682
1696,image_000001697.jpg,1024,768
1697,image_000001698.jpg,1024,682
1698,image_000001699.jpg,1024,685
1699,image_000001700.jpg,1024,681
1700,image_000001701.jpg,1024,768
1701,image_000001702.jpg,1024,683
1702,image_000001703.jpg,1024,768
1703,image_000001704.jpg,1024,768
1704,image_000001705.jpg,984,1024
1705,image_000001706.jpg,1024,575
1706,image_000001707.jpg,768,1024
1707,image_000001708.jpg,1024,768
1708,image_000001709.jpg,1024,683
1709,image_000001710.jpg,1024,684
1710,image_000001711.jpg,1024,679
1711,image_000001712.jpg,1024,682
1712,image_000001713.jpg,1024,1024
1713,image_000001714.jpg,1024,683
1714,image_000001715.jpg,1024,692
1715,image_000001716.jpg,1024,677
1716,image_000001717.jpg,1024,768
1717,image_000001718.jpg,1024,576
1718,image_000001719.jpg,1024,683
1719,image_000001720.jpg,1024,819
1720,image_000001721.jpg,1024,682
1721,image_000001722.jpg,1024,683
1722,image_000001723.jpg,1024,576
1723,image_000001724.jpg,1024,768
1724,image_000001725.jpg,1024,683
1725,image_000001726.jpg,1024,771
1726,image_000001727.jpg,1024,683
1727,image_000001728.jpg,768,1024
1728,image_000001729.jpg,1024,696
1729,image_000001730.jpg,1024,768
1730,image_000001731.jpg,1024,884
1731,image_000001732.jpg,1024,768
1732,image_000001733.jpg,1024,681
1733,image_000001734.jpg,1024,774
1734,image_000001735.jpg,1024,678
1735,image_000001736.jpg,779,1024
1736,image_000001737.jpg,1024,810
1737,image_000001738.jpg,1024,768
1738,image_000001739.jpg,1024,683
1739,image_000001740.jpg,1024,768
1740,image_000001741.jpg,1024,768
1741,image_000001742.jpg,1024,768
1742,image_000001743.jpg,1024,929
1743,image_000001744.jpg,1024,688
1744,image_000001745.jpg,1024,768
1745,image_000001746.jpg,683,1024
1746,image_000001747.jpg,768,1024
1747,image_000001748.jpg,1024,768
1748,image_000001749.jpg,1024,768
1749,image_000001750.jpg,1024,576
1750,image_000001751.jpg,1024,737
1751,image_000001752.jpg,1024,680
1752,image_000001753.jpg,1024,640
1753,image_000001754.jpg,683,1024
1754,image_000001755.jpg,1024,680
1755,image_000001756.jpg,1024,575
1756,image_000001757.jpg,702,1024
1757,image_000001758.jpg,1024,685
1758,image_000001759.jpg,1024,343
1759,image_000001760.jpg,1024,683
1760,image_000001761.jpg,1024,665
1761,image_000001762.jpg,1024,833
1762,image_000001763.jpg,1024,683
1763,image_000001764.jpg,1024,768
1764,image_000001765.jpg,683,1024
1765,image_000001766.jpg,1024,768
1766,image_000001767.jpg,1024,683
1767,image_000001768.jpg,683,1024
1768,image_000001769.jpg,1024,683
1769,image_000001770.jpg,1024,683
1770,image_000001771.jpg,1024,768
1771,image_000001772.jpg,787,1024
1772,image_000001773.jpg,1024,683
1773,image_000001774.jpg,1024,683
1774,image_000001775.jpg,1024,690
1775,image_000001776.jpg,1024,683
1776,image_000001777.jpg,1024,771
1777,image_000001778.jpg,1024,678
1778,image_000001779.jpg,1024,768
1779,image_000001780.jpg,1024,1024
1780,image_000001781.jpg,1024,606
1781,image_000001782.jpg,1024,766
1782,image_000001783.jpg,1024,1024
1783,image_000001784.jpg,1024,768
1784,image_000001785.jpg,1024,662
1785,image_000001786.jpg,1024,854
1786,image_000001787.jpg,1024,768
1787,image_000001788.jpg,1024,678
1788,image_000001789.jpg,1024,685
1789,image_000001790.jpg,1024,683
1790,image_000001791.jpg,1024,612
1791,image_000001792.jpg,768,1024
1792,image_000001793.jpg,1024,683
1793,image_000001794.jpg,683,1024
1794,image_000001795.jpg,1024,695
1795,image_000001796.jpg,1024,679
1796,image_000001797.jpg,1024,768
1797,image_000001798.jpg,1024,768
1798,image_000001799.jpg,1024,768
1799,image_000001800.jpg,1024,683
1800,image_000001801.jpg,1024,768
1801,image_000001802.jpg,1024,683
1802,image_000001803.jpg,1024,768
1803,image_000001804.jpg,1024,768
1804,image_000001805.jpg,1024,682
1805,image_000001806.jpg,1024,765
1806,image_000001807.jpg,1024,685
1807,image_000001808.jpg,768,1024
1808,image_000001809.jpg,1024,675
1809,image_000001810.jpg,1024,768
1810,image_000001811.jpg,1024,768
1811,image_000001812.jpg,1024,768
1812,image_000001813.jpg,683,1024
1813,image_000001814.jpg,1024,674
1814,image_000001815.jpg,1024,683
1815,image_000001816.jpg,1024,682
1816,image_000001817.jpg,1024,768
1817,image_000001818.jpg,683,1024
1818,image_000001819.jpg,1024,683
1819,image_000001820.jpg,1024,680
1820,image_000001821.jpg,1024,657
1821,image_000001822.jpg,1024,682
1822,image_000001823.jpg,1024,680
1823,image_000001824.jpg,1024,768
1824,image_000001825.jpg,1024,680
1825,image_000001826.jpg,1024,768
1826,image_000001827.jpg,683,1024
1827,image_000001828.jpg,1024,683
1828,image_000001829.jpg,1024,682
1829,image_000001830.jpg,730,1024
1830,image_000001831.jpg,1024,768
1831,image_000001832.jpg,1024,692
1832,image_000001833.jpg,1024,768
1833,image_000001834.jpg,1024,717
1834,image_000001835.jpg,1024,768
1835,image_000001836.jpg,1024,768
1836,image_000001837.jpg,1024,768
1837,image_000001838.jpg,1024,768
1838,image_000001839.jpg,1024,683
1839,image_000001840.jpg,1024,768
1840,image_000001841.jpg,1024,682
1841,image_000001842.jpg,1024,768
1842,image_000001843.jpg,1024,681
1843,image_000001844.jpg,1024,768
1844,image_000001845.jpg,1024,640
1845,image_000001846.jpg,1024,576
1846,image_000001847.jpg,1024,682
1847,image_000001848.jpg,681,1024
1848,image_000001849.jpg,1024,768
1849,image_000001850.jpg,1024,685
1850,image_000001851.jpg,1024,768
1851,image_000001852.jpg,1024,683
1852,image_000001853.jpg,1024,768
1853,image_000001854.jpg,1024,683
1854,image_000001855.jpg,1024,768
1855,image_000001856.jpg,1024,683
1856,image_000001857.jpg,1024,768
1857,image_000001858.jpg,1024,576
1858,image_000001859.jpg,683,1024
1859,image_000001860.jpg,1024,768
1860,image_000001861.jpg,1024,768
1861,image_000001862.jpg,1024,768
1862,image_000001863.jpg,1024,683
1863,image_000001864.jpg,1024,683
1864,image_000001865.jpg,1024,746
1865,image_000001866.jpg,682,1024
1866,image_000001867.jpg,1024,683
1867,image_000001868.jpg,1024,768
1868,image_000001869.jpg,1024,683
1869,image_000001870.jpg,734,1024
1870,image_000001871.jpg,1024,683
1871,image_000001872.jpg,1024,687
1872,image_000001873.jpg,1024,768
1873,image_000001874.jpg,1024,768
1874,image_000001875.jpg,1024,1024
1875,image_000001876.jpg,1024,1024
1876,image_000001877.jpg,1024,768
1877,image_000001878.jpg,1024,765
1878,image_000001879.jpg,683,1024
1879,image_000001880.jpg,1024,696
1880,image_000001881.jpg,751,1024
1881,image_000001882.jpg,1024,768
1882,image_000001883.jpg,1024,576
1883,image_000001884.jpg,1024,768
1884,image_000001885.jpg,1024,768
1885,image_000001886.jpg,1024,683
1886,image_000001887.jpg,1024,768
1887,image_000001888.jpg,1024,768
1888,image_000001889.jpg,1024,768
1889,image_000001890.jpg,1024,768
1890,image_000001891.jpg,1024,768
1891,image_000001892.jpg,1024,768
1892,image_000001893.jpg,1024,768
1893,image_000001894.jpg,1024,680
1894,image_000001895.jpg,1024,669
1895,image_000001896.jpg,1024,1024
1896,image_000001897.jpg,1024,683
1897,image_000001898.jpg,1024,768
1898,image_000001899.jpg,1024,768
1899,image_000001900.jpg,1024,679
1900,image_000001901.jpg,1024,683
1901,image_000001902.jpg,1024,768
1902,image_000001903.jpg,1024,686
1903,image_000001904.jpg,1024,576
1904,image_000001905.jpg,1024,768
1905,image_000001906.jpg,1024,768
1906,image_000001907.jpg,1024,620
1907,image_000001908.jpg,1024,768
1908,image_000001909.jpg,1024,768
1909,image_000001910.jpg,1024,681
1910,image_000001911.jpg,791,1024
1911,image_000001912.jpg,1024,576
1912,image_000001913.jpg,1024,681
1913,image_000001914.jpg,1024,768
1914,image_000001915.jpg,683,1024
1915,image_000001916.jpg,1024,681
1916,image_000001917.jpg,1024,575
1917,image_000001918.jpg,1024,410
1918,image_000001919.jpg,1024,819
1919,image_000001920.jpg,1024,768
1920,image_000001921.jpg,1024,686
1921,image_000001922.jpg,992,1024
1922,image_000001923.jpg,1024,683
1923,image_000001924.jpg,1024,768
1924,image_000001925.jpg,1024,683
1925,image_000001926.jpg,1024,683
1926,image_000001927.jpg,1024,682
1927,image_000001928.jpg,1024,683
1928,image_000001929.jpg,699,1024
1929,image_000001930.jpg,1024,768
1930,image_000001931.jpg,1024,683
1931,image_000001932.jpg,1024,678
1932,image_000001933.jpg,1024,768
1933,image_000001934.jpg,1024,916
1934,image_000001935.jpg,1024,768
1935,image_000001936.jpg,1024,683
1936,image_000001937.jpg,759,1024
1937,image_000001938.jpg,1024,768
1938,image_000001939.jpg,1024,694
1939,image_000001940.jpg,1024,576
1940,image_000001941.jpg,683,1024
1941,image_000001942.jpg,1024,643
1942,image_000001943.jpg,1024,768
1943,image_000001944.jpg,1024,682
1944,image_000001945.jpg,1024,682
1945,image_000001946.jpg,1024,681
1946,image_000001947.jpg,1024,681
1947,image_000001948.jpg,1024,685
1948,image_000001949.jpg,781,1024
1949,image_000001950.jpg,1024,768
1950,image_000001951.jpg,1024,687
1951,image_000001952.jpg,1024,683
1952,image_000001953.jpg,680,1024
1953,image_000001954.jpg,1024,680
1954,image_000001955.jpg,1024,720
1955,image_000001956.jpg,1024,768
1956,image_000001957.jpg,1024,612
1957,image_000001958.jpg,1024,768
1958,image_000001959.jpg,1024,768
1959,image_000001960.jpg,1024,768
1960,image_000001961.jpg,1024,683
1961,image_000001962.jpg,1024,683
1962,image_000001963.jpg,1024,768
1963,image_000001964.jpg,768,1024
1964,image_000001965.jpg,768,1024
1965,image_000001966.jpg,1024,768
1966,image_000001967.jpg,1024,765
1967,image_000001968.jpg,1024,683
1968,image_000001969.jpg,894,1024
1969,image_000001970.jpg,1024,765
1970,image_000001971.jpg,681,1024
1971,image_000001972.jpg,1024,768
1972,image_000001973.jpg,1024,577
1973,image_000001974.jpg,1024,683
1974,image_000001975.jpg,768,1024
1975,image_000001976.jpg,1024,768
1976,image_000001977.jpg,1024,576
1977,image_000001978.jpg,1024,640
1978,image_000001979.jpg,1024,768
1979,image_000001980.jpg,1024,768
1980,image_000001981.jpg,768,768
1981,image_000001982.jpg,1024,447
1982,image_000001983.jpg,1024,768
1983,image_000001984.jpg,1024,769
1984,image_000001985.jpg,1024,678
1985,image_000001986.jpg,1024,677
1986,image_000001987.jpg,1024,683
1987,image_000001988.jpg,1024,768
1988,image_000001989.jpg,1024,768
1989,image_000001990.jpg,1024,768
1990,image_000001991.jpg,1024,575
1991,image_000001992.jpg,1024,684
1992,image_000001993.jpg,1024,764
1993,image_000001994.jpg,1024,1024
1994,image_000001995.jpg,1024,410
1995,image_000001996.jpg,768,1024
1996,image_000001997.jpg,4496,3000
1997,image_000001998.jpg,1024,845
1998,image_000001999.jpg,1024,830
1999,image_000002000.jpg,1024,684
2000,image_000002001.jpg,1024,768
2001,image_000002002.jpg,1024,683
2002,image_000002003.jpg,1024,683
2003,image_000002004.jpg,1024,680
2004,image_000002005.jpg,1024,768
2005,image_000002006.jpg,1024,683
2006,image_000002007.jpg,1024,834
2007,image_000002008.jpg,1024,683
2008,image_000002009.jpg,1024,575
2009,image_000002010.jpg,1024,683
2010,image_000002011.jpg,1024,685
2011,image_000002012.jpg,1024,768
2012,image_000002013.jpg,1024,768
2013,image_000002014.jpg,1024,468
2014,image_000002015.jpg,1024,768
2015,image_000002016.jpg,1024,768
2016,image_000002017.jpg,1024,768
2017,image_000002018.jpg,1024,683
2018,image_000002019.jpg,1024,680
2019,image_000002020.jpg,1024,680
2020,image_000002021.jpg,1024,768
2021,image_000002022.jpg,1024,680
2022,image_000002023.jpg,1024,768
2023,image_000002024.jpg,1024,640
2024,image_000002025.jpg,1024,768
2025,image_000002026.jpg,1024,768
2026,image_000002027.jpg,1024,819
2027,image_000002028.jpg,687,1024
2028,image_000002029.jpg,1024,681
2029,image_000002030.jpg,768,1024
2030,image_000002031.jpg,1024,683
2031,image_000002032.jpg,1024,1024
2032,image_000002033.jpg,1024,680
2033,image_000002034.jpg,1024,575
2034,image_000002035.jpg,1024,768
2035,image_000002036.jpg,685,1024
2036,image_000002037.jpg,1024,683
2037,image_000002038.jpg,1024,681
2038,image_000002039.jpg,1024,728
2039,image_000002040.jpg,1006,1024
2040,image_000002041.jpg,1024,683
2041,image_000002042.jpg,1024,729
2042,image_000002043.jpg,1024,768
2043,image_000002044.jpg,1024,768
2044,image_000002045.jpg,1024,683
2045,image_000002046.jpg,1024,689
2046,image_000002047.jpg,1024,683
2047,image_000002048.jpg,1024,678
2048,image_000002049.jpg,683,1024
2049,image_000002050.jpg,1024,768
2050,image_000002051.jpg,1024,768
2051,image_000002052.jpg,1024,768
2052,image_000002053.jpg,1024,679
2053,image_000002054.jpg,1024,683
2054,image_000002055.jpg,1024,768
2055,image_000002056.jpg,768,1024
2056,image_000002057.jpg,1024,699
2057,image_000002058.jpg,1024,745
2058,image_000002059.jpg,1024,768
2059,image_000002060.jpg,1024,683
2060,image_000002061.jpg,1024,703
2061,image_000002062.jpg,1024,768
2062,image_000002063.jpg,1024,767
2063,image_000002064.jpg,1024,768
2064,image_000002065.jpg,1024,694
2065,image_000002066.jpg,1024,768
2066,image_000002067.jpg,1024,681
2067,image_000002068.jpg,1024,683
2068,image_000002069.jpg,1024,768
2069,image_000002070.jpg,773,1024
2070,image_000002071.jpg,1024,614
2071,image_000002072.jpg,1024,768
2072,image_000002073.jpg,1024,768
2073,image_000002074.jpg,1024,768
2074,image_000002075.jpg,1024,684
2075,image_000002076.jpg,768,1024
2076,image_000002077.jpg,1024,683
2077,image_000002078.jpg,1024,576
2078,image_000002079.jpg,1024,768
2079,image_000002080.jpg,1024,683
2080,image_000002081.jpg,1024,683
2081,image_000002082.jpg,1024,768
2082,image_000002083.jpg,1024,680
2083,image_000002084.jpg,1024,685
2084,image_000002085.jpg,1024,688
2085,image_000002086.jpg,1024,683
2086,image_000002087.jpg,1024,708
2087,image_000002088.jpg,683,1024
2088,image_000002089.jpg,1024,768
2089,image_000002090.jpg,1024,704
2090,image_000002091.jpg,1024,768
2091,image_000002092.jpg,888,768
2092,image_000002093.jpg,1024,687
2093,image_000002094.jpg,1024,683
2094,image_000002095.jpg,1024,762
2095,image_000002096.jpg,1024,683
2096,image_000002097.jpg,1024,768
2097,image_000002098.jpg,768,1024
2098,image_000002099.jpg,1024,768
2099,image_000002100.jpg,774,1024
2100,image_000002101.jpg,1024,768
2101,image_000002102.jpg,1024,680
2102,image_000002103.jpg,1024,683
2103,image_000002104.jpg,1024,683
2104,image_000002105.jpg,1024,768
2105,image_000002106.jpg,1024,686
2106,image_000002107.jpg,1024,732
2107,image_000002108.jpg,1024,682
2108,image_000002109.jpg,1024,682
2109,image_000002110.jpg,1024,768
2110,image_000002111.jpg,601,1024
2111,image_000002112.jpg,1024,768
2112,image_000002113.jpg,975,1024
2113,image_000002114.jpg,768,1024
2114,image_000002115.jpg,1024,768
2115,image_000002116.jpg,1024,576
2116,image_000002117.jpg,1024,478
2117,image_000002118.jpg,768,1024
2118,image_000002119.jpg,1024,768
2119,image_000002120.jpg,1024,683
2120,image_000002121.jpg,1024,768
2121,image_000002122.jpg,1024,768
2122,image_000002123.jpg,1024,683
2123,image_000002124.jpg,1024,766
2124,image_000002125.jpg,1024,768
2125,image_000002126.jpg,1024,768
2126,image_000002127.jpg,974,1024
2127,image_000002128.jpg,768,1024
2128,image_000002129.jpg,710,1024
2129,image_000002130.jpg,576,1024
2130,image_000002131.jpg,1024,683
2131,image_000002132.jpg,1024,768
2132,image_000002133.jpg,1024,770
2133,image_000002134.jpg,1024,768
2134,image_000002135.jpg,1024,678
2135,image_000002136.jpg,1024,576
2136,image_000002137.jpg,1024,575
2137,image_000002138.jpg,1024,768
2138,image_000002139.jpg,1024,768
2139,image_000002140.jpg,1024,683
2140,image_000002141.jpg,683,1024
2141,image_000002142.jpg,1024,768
2142,image_000002143.jpg,1024,680
2143,image_000002144.jpg,1024,1024
2144,image_000002145.jpg,1024,687
2145,image_000002146.jpg,1024,768
2146,image_000002147.jpg,1024,768
2147,image_000002148.jpg,1024,768
2148,image_000002149.jpg,1024,683
2149,image_000002150.jpg,768,1024
2150,image_000002151.jpg,768,1024
2151,image_000002152.jpg,1024,683
2152,image_000002153.jpg,1024,768
2153,image_000002154.jpg,1024,713
2154,image_000002155.jpg,1024,768
2155,image_000002156.jpg,1024,683
2156,image_000002157.jpg,1024,680
2157,image_000002158.jpg,1024,657
2158,image_000002159.jpg,1024,686
2159,image_000002160.jpg,768,1024
2160,image_000002161.jpg,1024,577
2161,image_000002162.jpg,1024,743
2162,image_000002163.jpg,1024,687
2163,image_000002164.jpg,1024,685
2164,image_000002165.jpg,1024,685
2165,image_000002166.jpg,1024,768
2166,image_000002167.jpg,1024,657
2167,image_000002168.jpg,683,1024
2168,image_000002169.jpg,1024,413
2169,image_000002170.jpg,1024,683
2170,image_000002171.jpg,1024,683
2171,image_000002172.jpg,1024,681
2172,image_000002173.jpg,1024,683
2173,image_000002174.jpg,1024,679
2174,image_000002175.jpg,1024,680
2175,image_000002176.jpg,1024,853
2176,image_000002177.jpg,1024,768
2177,image_000002178.jpg,1024,640
2178,image_000002179.jpg,1024,731
2179,image_000002180.jpg,1024,768
2180,image_000002181.jpg,1024,683
2181,image_000002182.jpg,1024,640
2182,image_000002183.jpg,1024,682
2183,image_000002184.jpg,1024,612
2184,image_000002185.jpg,1024,696
2185,image_000002186.jpg,1024,768
2186,image_000002187.jpg,1024,680
2187,image_000002188.jpg,1024,768
2188,image_000002189.jpg,683,1024
2189,image_000002190.jpg,1024,856
2190,image_000002191.jpg,1024,682
2191,image_000002192.jpg,1024,683
2192,image_000002193.jpg,1024,682
2193,image_000002194.jpg,1024,680
2194,image_000002195.jpg,1024,678
2195,image_000002196.jpg,1024,768
2196,image_000002197.jpg,1024,677
2197,image_000002198.jpg,1024,768
2198,image_000002199.jpg,1024,768
2199,image_000002200.jpg,1024,505
2200,image_000002201.jpg,768,1024
2201,image_000002202.jpg,1024,683
2202,image_000002203.jpg,1024,680
2203,image_000002204.jpg,768,1024
2204,image_000002205.jpg,1024,683
2205,image_000002206.jpg,1024,1024
2206,image_000002207.jpg,1024,768
2207,image_000002208.jpg,768,1024
2208,image_000002209.jpg,1024,696
2209,image_000002210.jpg,1024,768
2210,image_000002211.jpg,1024,768
2211,image_000002212.jpg,1024,680
2212,image_000002213.jpg,1024,987
2213,image_000002214.jpg,1024,686
2214,image_000002215.jpg,1024,680
2215,image_000002216.jpg,1024,768
2216,image_000002217.jpg,1024,681
2217,image_000002218.jpg,683,1024
2218,image_000002219.jpg,1024,768
2219,image_000002220.jpg,1024,810
2220,image_000002221.jpg,1024,768
2221,image_000002222.jpg,1024,683
2222,image_000002223.jpg,1024,908
2223,image_000002224.jpg,1024,680
2224,image_000002225.jpg,1024,768
2225,image_000002226.jpg,1024,768
2226,image_000002227.jpg,1024,683
2227,image_000002228.jpg,685,1024
2228,image_000002229.jpg,1024,616
2229,image_000002230.jpg,1024,742
2230,image_000002231.jpg,1024,768
2231,image_000002232.jpg,1024,681
2232,image_000002233.jpg,1024,683
2233,image_000002234.jpg,1024,683
2234,image_000002235.jpg,1024,683
2235,image_000002236.jpg,1024,683
2236,image_000002237.jpg,682,1024
2237,image_000002238.jpg,1024,683
2238,image_000002239.jpg,1024,685
